{"cameraMode":{"drawMode":0,"name":"Shaded","section":"Shading Mode"},"sceneLighting":true,"audioPlay":false,"sceneViewState":{"showFog":true,"showMaterialUpdate":false,"showSkybox":true,"showFlares":true,"showImageEffects":true,"showParticleSystems":true},"in2DMode":false,"pivot":{"x":-286.41253662109377,"y":7.614720344543457,"z":271.3999328613281},"rotation":{"x":0.033903174102306369,"y":0.0033007492311298849,"z":-0.00011200420703971758,"w":0.9994196891784668},"size":1927.5850830078125,"orthographic":false}