{"cameraMode":{"drawMode":0,"name":"Shaded","section":"Shading Mode"},"sceneLighting":false,"audioPlay":false,"sceneViewState":{"showFog":true,"showMaterialUpdate":false,"showSkybox":true,"showFlares":true,"showImageEffects":true,"showParticleSystems":true},"in2DMode":false,"pivot":{"x":7.5220232009887699,"y":1.8046245574951172,"z":26.556917190551759},"rotation":{"x":0.07431948184967041,"y":0.024232802912592889,"z":-0.0018066061893478037,"w":0.9969384074211121},"size":30.39092445373535,"orthographic":false}