{"cameraMode":{"drawMode":0,"name":"Shaded","section":"Shading Mode"},"sceneLighting":false,"audioPlay":false,"sceneViewState":{"showFog":true,"showMaterialUpdate":false,"showSkybox":true,"showFlares":true,"showImageEffects":true,"showParticleSystems":true},"in2DMode":false,"pivot":{"x":-3.1538474559783937,"y":2.104518413543701,"z":125.14321899414063},"rotation":{"x":0.09313885122537613,"y":-0.027473649010062219,"z":0.002571073593571782,"w":0.9952707290649414},"size":59.95437240600586,"orthographic":false}