{"cameraMode":{"drawMode":0,"name":"Shaded","section":"Shading Mode"},"sceneLighting":false,"audioPlay":false,"sceneViewState":{"showFog":true,"showMaterialUpdate":false,"showSkybox":true,"showFlares":true,"showImageEffects":true,"showParticleSystems":true},"in2DMode":false,"pivot":{"x":12.465193748474121,"y":500.5946044921875,"z":0.2768798768520355},"rotation":{"x":-0.009590084664523602,"y":-0.002697359537705779,"z":-0.000025868073862511665,"w":0.9999504089355469},"size":566.0247802734375,"orthographic":false}