{"cameraMode":{"drawMode":0,"name":"Shaded","section":"Shading Mode"},"sceneLighting":false,"audioPlay":false,"sceneViewState":{"showFog":true,"showMaterialUpdate":false,"showSkybox":true,"showFlares":true,"showImageEffects":true,"showParticleSystems":true},"in2DMode":false,"pivot":{"x":274.6982727050781,"y":152.13619995117188,"z":-0.0029591619968414308},"rotation":{"x":-0.030585594475269319,"y":-0.0026958284433931114,"z":-0.00008245753269875422,"w":0.9995285272598267},"size":1087.789794921875,"orthographic":false}